{"web":{"client_id":"247379275240-0f9si399hohkkf74mj6q3mfar0nlvi3g.apps.googleusercontent.com","project_id":"civic-shell-275116","auth_uri":"https://accounts.google.com/o/oauth2/auth","token_uri":"https://oauth2.googleapis.com/token","auth_provider_x509_cert_url":"https://www.googleapis.com/oauth2/v1/certs","client_secret":"MwYeMCioGDCgPTKHQHXxh8YB","redirect_uris":["https://civic-shell-275116.firebaseapp.com/__/auth/handler"],"javascript_origins":["http://localhost","http://localhost:5000","https://civic-shell-275116.firebaseapp.com"]}}